Shehan,Don,s@s.s,2015-09-29,1,"2019-04-04 22:31:14",::1
a,a,a@a.a,2011-10-30,1,"2019-04-05 08:08:03",::1
qw,tt,q@qq.q,2015-08-29,1,"2019-04-05 08:18:32",::1
w,w,q@q.ee,2018-11-29,1,"2019-04-05 08:22:59",::1
she,don,shehanhd2018@gmail.com,2016-10-28,1234,"2019-04-05 17:09:30",::1
a,a,a,a@a.ar,1993-01-30,11,"2019-04-06 17:35:08",::1
a,a,a,a@a.ar,1993-01-30,11,"2019-04-06 17:35:11",::1
a,a,a,a@a.ar,1993-01-30,11,"2019-04-06 17:35:12",::1
a,a,a,a@a.ar,1993-01-30,11,"2019-04-06 17:35:13",::1
a,a,a,a@a.ar,1993-01-30,11,"2019-04-06 17:35:13",::1
a,a,a,a@a.ar,1993-01-30,11,"2019-04-06 17:35:13",::1
a,a,a,a@a.ar,1993-01-30,11,"2019-04-06 17:35:13",::1
a,a,a,a@a.ar,1993-01-30,11,"2019-04-06 17:36:21",::1
a,a,a,a@a.ar,1993-01-30,11,"2019-04-06 17:36:23",::1
a,a,a,a@a.ar,1993-01-30,11,"2019-04-06 17:36:39",::1
a,a,a,a@a.ar,1993-01-30,11,"2019-04-06 17:36:40",::1
a,a,a,a@a.ar,1993-01-30,11,"2019-04-06 17:36:52",::1
